,PRES,SEN,ESP,TFP,F1-Score
001,1.0,0.8,1.0,0.0,0.8889
002,1.0,1.0,1.0,0.0,1.0
003,1.0,1.0,1.0,0.0,1.0
004,1.0,1.0,1.0,0.0,1.0
005,1.0,1.0,1.0,0.0,1.0
006,1.0,1.0,1.0,0.0,1.0
007,1.0,1.0,1.0,0.0,1.0
008,1.0,1.0,1.0,0.0,1.0
009,1.0,1.0,1.0,0.0,1.0
010,1.0,1.0,1.0,0.0,1.0
011,1.0,0.8,1.0,0.0,0.8889
012,1.0,1.0,1.0,0.0,1.0
013,1.0,0.8,1.0,0.0,0.8889
014,1.0,1.0,1.0,0.0,1.0
015,1.0,1.0,1.0,0.0,1.0
016,1.0,1.0,1.0,0.0,1.0
017,1.0,1.0,1.0,0.0,1.0
018,1.0,1.0,1.0,0.0,1.0
019,1.0,1.0,1.0,0.0,1.0
020,1.0,0.8,1.0,0.0,0.8889
021,1.0,1.0,1.0,0.0,1.0
022,1.0,1.0,1.0,0.0,1.0
023,1.0,0.8,1.0,0.0,0.8889
024,1.0,1.0,1.0,0.0,1.0
025,1.0,1.0,1.0,0.0,1.0
026,1.0,1.0,1.0,0.0,1.0
027,1.0,1.0,1.0,0.0,1.0
028,1.0,1.0,1.0,0.0,1.0
029,1.0,1.0,1.0,0.0,1.0
030,1.0,1.0,1.0,0.0,1.0
031,1.0,1.0,1.0,0.0,1.0
032,1.0,1.0,1.0,0.0,1.0
033,0.75,1.0,0.9954,0.0046,0.8571
034,1.0,1.0,1.0,0.0,1.0
035,1.0,1.0,1.0,0.0,1.0
036,1.0,1.0,1.0,0.0,1.0
037,0.25,1.0,0.9863,0.0137,0.4
038,1.0,1.0,1.0,0.0,1.0
039,1.0,1.0,1.0,0.0,1.0
040,1.0,1.0,1.0,0.0,1.0
041,1.0,1.0,1.0,0.0,1.0
042,1.0,1.0,1.0,0.0,1.0
043,1.0,1.0,1.0,0.0,1.0
044,0.75,1.0,0.9954,0.0046,0.8571
045,0.75,1.0,0.9954,0.0046,0.8571
046,1.0,0.5714,1.0,0.0,0.7272
047,1.0,1.0,1.0,0.0,1.0
048,1.0,1.0,1.0,0.0,1.0
049,1.0,1.0,1.0,0.0,1.0
050,1.0,1.0,1.0,0.0,1.0
051,1.0,1.0,1.0,0.0,1.0
052,0.75,1.0,0.9954,0.0046,0.8571
053,1.0,1.0,1.0,0.0,1.0
054,1.0,1.0,1.0,0.0,1.0
055,0.75,1.0,0.9954,0.0046,0.8571
Exact,0.9636,0.0,0.0,0.0,0.0
Prom,0.9636363636363636,0.9740254545454545,0.999332727272727,0.0006672727272727273,0.9610400000000001
DesvSt,0.12077572959624024,0.079382929738605,0.00221154446611862,0.002211544466118607,0.09674281293484005
