,PRES,SEN,ESP,TFP,F1-Score
001,1.0,1.0,1.0,0.0,1.0
002,1.0,1.0,1.0,0.0,1.0
003,1.0,1.0,1.0,0.0,1.0
004,1.0,1.0,1.0,0.0,1.0
005,1.0,1.0,1.0,0.0,1.0
006,1.0,1.0,1.0,0.0,1.0
007,1.0,1.0,1.0,0.0,1.0
008,1.0,1.0,1.0,0.0,1.0
009,1.0,0.8,1.0,0.0,0.8889
010,1.0,1.0,1.0,0.0,1.0
011,1.0,1.0,1.0,0.0,1.0
012,1.0,0.8,1.0,0.0,0.8889
013,1.0,1.0,1.0,0.0,1.0
014,1.0,1.0,1.0,0.0,1.0
015,1.0,1.0,1.0,0.0,1.0
016,0.75,1.0,0.9954,0.0046,0.8571
017,1.0,1.0,1.0,0.0,1.0
018,1.0,1.0,1.0,0.0,1.0
019,1.0,1.0,1.0,0.0,1.0
020,1.0,1.0,1.0,0.0,1.0
021,1.0,1.0,1.0,0.0,1.0
022,1.0,1.0,1.0,0.0,1.0
023,1.0,1.0,1.0,0.0,1.0
024,1.0,1.0,1.0,0.0,1.0
025,1.0,1.0,1.0,0.0,1.0
026,1.0,1.0,1.0,0.0,1.0
027,1.0,1.0,1.0,0.0,1.0
028,1.0,1.0,1.0,0.0,1.0
029,1.0,1.0,1.0,0.0,1.0
030,1.0,1.0,1.0,0.0,1.0
031,1.0,1.0,1.0,0.0,1.0
032,1.0,1.0,1.0,0.0,1.0
033,1.0,1.0,1.0,0.0,1.0
034,1.0,0.8,1.0,0.0,0.8889
035,1.0,1.0,1.0,0.0,1.0
036,1.0,1.0,1.0,0.0,1.0
037,1.0,1.0,1.0,0.0,1.0
038,1.0,1.0,1.0,0.0,1.0
039,1.0,1.0,1.0,0.0,1.0
040,1.0,1.0,1.0,0.0,1.0
041,0.75,1.0,0.9954,0.0046,0.8571
042,1.0,1.0,1.0,0.0,1.0
043,1.0,1.0,1.0,0.0,1.0
044,1.0,1.0,1.0,0.0,1.0
045,1.0,1.0,1.0,0.0,1.0
046,1.0,1.0,1.0,0.0,1.0
047,1.0,1.0,1.0,0.0,1.0
048,1.0,1.0,1.0,0.0,1.0
049,1.0,1.0,1.0,0.0,1.0
050,0.75,1.0,0.9954,0.0046,0.8571
051,1.0,1.0,1.0,0.0,1.0
052,0.75,1.0,0.9954,0.0046,0.8571
053,1.0,0.8,1.0,0.0,0.8889
054,1.0,1.0,1.0,0.0,1.0
055,1.0,1.0,1.0,0.0,1.0
Exact,0.9818,0.0,0.0,0.0,0.0
Prom,0.9818181818181818,0.9854545454545454,0.9996654545454544,0.00033454545454545456,0.9815272727272728
DesvSt,0.06492207662311682,0.051937661298493455,0.0011945662098653623,0.0011945662098653495,0.04518370363726468
